<application>
  <component name="FileTypeManager" version="17">
    <extensionMap>
      <mapping pattern="mockUpdatedTableMetas" type="JSON" />
      <mapping ext="template" type="JSON" />
      <mapping pattern="prs_norm_inc_staging" type="PLAIN_TEXT" />
      <mapping pattern="test" type="PLAIN_TEXT" />
      <mapping pattern="_SUCCESS" type="PLAIN_TEXT" />
      <mapping pattern="expectedMatrixStatement" type="PLAIN_TEXT" />
      <mapping pattern="HttpAuth" type="PLAIN_TEXT" />
      <mapping pattern="cdata-user" type="PLAIN_TEXT" />
      <mapping pattern="message" type="PLAIN_TEXT" />
      <mapping pattern=".part-r-00000.crc" type="PLAIN_TEXT" />
      <mapping pattern="prs_norm_staging" type="PLAIN_TEXT" />
      <mapping pattern="PrsRankService" type="PLAIN_TEXT" />
      <mapping pattern="dagConfig" type="PLAIN_TEXT" />
      <mapping pattern="expectedDumpHql" type="PLAIN_TEXT" />
      <mapping pattern="serviceConfig" type="PLAIN_TEXT" />
      <mapping pattern="prs_mall_norm_full" type="PLAIN_TEXT" />
      <mapping pattern="part-r-00000" type="PLAIN_TEXT" />
      <mapping pattern="testFile" type="PLAIN_TEXT" />
      <mapping pattern="AggregateHiveHql" type="PLAIN_TEXT" />
      <mapping pattern="xxx" type="PLAIN_TEXT" />
      <mapping pattern="cdata-query" type="PLAIN_TEXT" />
      <mapping pattern="application,properties" type="PLAIN_TEXT" />
      <mapping pattern="._SUCCESS.crc" type="PLAIN_TEXT" />
      <mapping pattern="cdata-ucate" type="PLAIN_TEXT" />
      <mapping ext="ftl" type="PLAIN_TEXT" />
      <mapping ext="config" type="PLAIN_TEXT" />
    </extensionMap>
  </component>
</application>