<application>
  <component name="ProjectManager">
    <defaultProject>
      <component name="Encoding" addBOMForNewFiles="with NO BOM" />
      <component name="GradleLocalSettings">
        <option name="projectSyncType">
          <map>
            <entry key="$USER_HOME$/Desktop/Projects/macross" value="PREVIEW" />
            <entry key="$USER_HOME$/Desktop/Projects/muse-utils" value="PREVIEW" />
            <entry key="$USER_HOME$/Desktop/Projects/psw-admin" value="PREVIEW" />
            <entry key="$USER_HOME$/Desktop/Projects/search-base" value="PREVIEW" />
            <entry key="$USER_HOME$/Desktop/Projects/search-dmp" value="PREVIEW" />
            <entry key="$USER_HOME$/Desktop/Projects/search-imanager" value="PREVIEW" />
            <entry key="$USER_HOME$/Desktop/Projects/search-imeta" value="PREVIEW" />
            <entry key="$USER_HOME$/Desktop/Projects/search-index" value="PREVIEW" />
            <entry key="$USER_HOME$/Desktop/Projects/search-index-export" value="PREVIEW" />
            <entry key="$USER_HOME$/Desktop/Projects/search-index-utils" value="PREVIEW" />
            <entry key="$USER_HOME$/Desktop/Projects/search-iview" value="PREVIEW" />
            <entry key="$USER_HOME$/Desktop/Projects/search-macross" value="PREVIEW" />
            <entry key="$USER_HOME$/Desktop/Projects/search-pdp" value="PREVIEW" />
            <entry key="$USER_HOME$/Desktop/Projects/search_pdp" value="PREVIEW" />
            <entry key="$USER_HOME$/Desktop/Projects/xrec-ppp-runtime" value="PREVIEW" />
            <entry key="$USER_HOME$/Desktop/Projects/xrec-search-sdk" value="PREVIEW" />
            <entry key="$USER_HOME$/Desktop/test/hadooptest" value="PREVIEW" />
          </map>
        </option>
      </component>
      <component name="masterDetails">
        <states>
          <state key="ProjectJDKs.UI">
            <settings>
              <splitter-proportions>
                <option name="proportions">
                  <list>
                    <option value="0.2" />
                  </list>
                </option>
              </splitter-proportions>
            </settings>
          </state>
        </states>
      </component>
    </defaultProject>
  </component>
</application>