<application>
  <component name="UpdatesConfigurable">
    <enabledExternalComponentSources>
      <item value="Android SDK" />
    </enabledExternalComponentSources>
    <option name="externalUpdateChannels">
      <map>
        <entry key="Android SDK" value="Stable Channel" />
      </map>
    </option>
    <ignoredBuildNumbers>
      <item value="183.5429.30" />
      <item value="183.5912.21" />
      <item value="193.6494.35" />
    </ignoredBuildNumbers>
    <knownExternalComponentSources>
      <item value="Android SDK" />
    </knownExternalComponentSources>
    <option name="LAST_BUILD_CHECKED" value="IC-193.5662.53" />
    <option name="LAST_TIME_CHECKED" value="1586773103063" />
    <option name="THIRD_PARTY_PLUGINS_ALLOWED" value="true" />
  </component>
</application>