<code_scheme name="GoogleStyle copy" version="173">
  <option name="OTHER_INDENT_OPTIONS">
    <value>
      <option name="CONTINUATION_INDENT_SIZE" value="4" />
    </value>
  </option>
  <AndroidXmlCodeStyleSettings>
    <option name="USE_CUSTOM_SETTINGS" value="true" />
    <option name="LAYOUT_SETTINGS">
      <value>
        <option name="INSERT_BLANK_LINE_BEFORE_TAG" value="false" />
      </value>
    </option>
  </AndroidXmlCodeStyleSettings>
  <JavaCodeStyleSettings>
    <option name="INSERT_INNER_CLASS_IMPORTS" value="true" />
    <option name="CLASS_COUNT_TO_USE_IMPORT_ON_DEMAND" value="999" />
    <option name="NAMES_COUNT_TO_USE_IMPORT_ON_DEMAND" value="999" />
    <option name="PACKAGES_TO_USE_IMPORT_ON_DEMAND">
      <value />
    </option>
    <option name="IMPORT_LAYOUT_TABLE">
      <value>
        <emptyLine />
        <package name="" withSubpackages="true" static="true" />
        <package name="" withSubpackages="true" static="false" />
      </value>
    </option>
    <option name="JD_ALIGN_PARAM_COMMENTS" value="false" />
    <option name="JD_ALIGN_EXCEPTION_COMMENTS" value="false" />
    <option name="JD_P_AT_EMPTY_LINES" value="false" />
    <option name="JD_KEEP_EMPTY_PARAMETER" value="false" />
    <option name="JD_KEEP_EMPTY_EXCEPTION" value="false" />
    <option name="JD_KEEP_EMPTY_RETURN" value="false" />
  </JavaCodeStyleSettings>
  <codeStyleSettings language="HTML">
    <indentOptions>
      <option name="INDENT_SIZE" value="2" />
      <option name="CONTINUATION_INDENT_SIZE" value="4" />
      <option name="TAB_SIZE" value="2" />
    </indentOptions>
  </codeStyleSettings>
  <codeStyleSettings language="JAVA">
    <option name="KEEP_CONTROL_STATEMENT_IN_ONE_LINE" value="false" />
    <option name="KEEP_BLANK_LINES_IN_CODE" value="1" />
    <option name="BLANK_LINES_AFTER_CLASS_HEADER" value="1" />
    <option name="ALIGN_MULTILINE_PARAMETERS" value="false" />
    <option name="ALIGN_MULTILINE_RESOURCES" value="false" />
    <option name="ALIGN_MULTILINE_FOR" value="false" />
    <option name="CALL_PARAMETERS_WRAP" value="1" />
    <option name="METHOD_PARAMETERS_WRAP" value="1" />
    <option name="EXTENDS_LIST_WRAP" value="1" />
    <option name="THROWS_KEYWORD_WRAP" value="1" />
    <option name="METHOD_CALL_CHAIN_WRAP" value="1" />
    <option name="BINARY_OPERATION_WRAP" value="1" />
    <option name="BINARY_OPERATION_SIGN_ON_NEXT_LINE" value="true" />
    <option name="TERNARY_OPERATION_WRAP" value="1" />
    <option name="TERNARY_OPERATION_SIGNS_ON_NEXT_LINE" value="true" />
    <option name="FOR_STATEMENT_WRAP" value="1" />
    <option name="ARRAY_INITIALIZER_WRAP" value="1" />
    <option name="WRAP_COMMENTS" value="true" />
    <option name="IF_BRACE_FORCE" value="3" />
    <option name="DOWHILE_BRACE_FORCE" value="3" />
    <option name="WHILE_BRACE_FORCE" value="3" />
    <option name="FOR_BRACE_FORCE" value="3" />
    <indentOptions>
      <option name="CONTINUATION_INDENT_SIZE" value="4" />
    </indentOptions>
  </codeStyleSettings>
  <codeStyleSettings language="JSON">
    <indentOptions>
      <option name="CONTINUATION_INDENT_SIZE" value="4" />
    </indentOptions>
  </codeStyleSettings>
  <codeStyleSettings language="PROTO">
    <indentOptions>
      <option name="INDENT_SIZE" value="2" />
      <option name="CONTINUATION_INDENT_SIZE" value="2" />
      <option name="TAB_SIZE" value="2" />
    </indentOptions>
    <option name="RIGHT_MARGIN" value="80" />
  </codeStyleSettings>
  <codeStyleSettings language="Python">
    <indentOptions>
      <option name="INDENT_SIZE" value="2" />
      <option name="CONTINUATION_INDENT_SIZE" value="4" />
      <option name="TAB_SIZE" value="2" />
    </indentOptions>
    <option name="RIGHT_MARGIN" value="80" />
    <option name="ALIGN_MULTILINE_PARAMETERS" value="false" />
    <option name="PARENT_SETTINGS_INSTALLED" value="true" />
    <option name="KEEP_BLANK_LINES_IN_CODE" value="1" />
  </codeStyleSettings>
  <codeStyleSettings language="protobuf">
    <indentOptions>
      <option name="INDENT_SIZE" value="2" />
      <option name="CONTINUATION_INDENT_SIZE" value="2" />
      <option name="TAB_SIZE" value="2" />
    </indentOptions>
    <option name="RIGHT_MARGIN" value="80" />
  </codeStyleSettings>
</code_scheme>